{
    "project_name": "AI-Powered Customer Sentiment Analysis Dashboard",
    "summary": "An intelligent web-based dashboard that analyzes customer feedback from multiple sources and generates real-time analytics.",
    "required_roles": [
        "Machine Learning Engineer",
        "Backend Developer",
        "Frontend Developer",
        "Data Engineer",
        "DevOps Engineer"
    ],
    "required_skills": [
        "Python",
        "NLP",
        "Scikit-learn",
        "TensorFlow/PyTorch",
        "FastAPI / Flask",
        "React.js / Next.js",
        "PostgreSQL / MongoDB",
        "Docker",
        "AWS",
        "CI/CD pipelines"
    ],
    "domain": "Artificial Intelligence / SaaS Analytics"
}