{
    "architecture": {
        "frontend": "React.js",
        "backend": "Java Spring Boot",
        "database": "PostgreSQL",
        "cloud": "AWS"
    },
    "recommended_stack": [
        "React.js",
        "Java Spring Boot",
        "PostgreSQL",
        "AWS",
        "Docker",
        "Kubernetes",
        "Jenkins"
    ],
    "modules": [
        {
            "name": "Data Ingestion",
            "description": "Collects customer feedback from various sources (e.g., social media, surveys, reviews)."
        },
        {
            "name": "Sentiment Analysis",
            "description": "Analyzes the sentiment of the ingested data using NLP techniques."
        },
        {
            "name": "Data Storage",
            "description": "Stores the processed data and sentiment scores in a database."
        },
        {
            "name": "API",
            "description": "Provides an API for the frontend to access the data and analytics."
        },
        {
            "name": "Dashboard",
            "description": "Visualizes the sentiment analysis results in a user-friendly dashboard."
        }
    ],
    "data_flow": {
        "description": "Customer feedback is ingested, processed for sentiment, stored, and then visualized on the dashboard."
    },
    "diagram_graphviz": "digraph SentimentAnalysisDashboard {\n  rankdir=LR;\n  node [shape=circle, style=filled, fillcolor=skyblue];\n\n  subgraph cluster_frontend {\n    label = \"Frontend\";\n    style = filled;\n    fillcolor = lightgreen;\n    React [label=\"React.js\"];\n  }\n\n  subgraph cluster_backend {\n    label = \"Backend\";\n    style = filled;\n    fillcolor = lightcoral;\n    SpringBoot [label=\"Spring Boot\"];\n  }\n\n  subgraph cluster_database {\n    label = \"Database\";\n    style = filled;\n    fillcolor = lightyellow;\n    PostgreSQL [label=\"PostgreSQL\"];\n  }\n\n  subgraph cluster_cloud {\n    label = \"Cloud\";\n    style = filled;\n    fillcolor = lavender;\n    AWS [label=\"AWS\"];\n  }\n\n  DataIngestion [label=\"Data Ingestion\", fillcolor=orange];\n  SentimentAnalysis [label=\"Sentiment Analysis\", fillcolor=orange];\n\n  React -> SpringBoot [color=blue, label=\"API Requests\"];\n  SpringBoot -> SentimentAnalysis [color=blue, label=\"Process Data\"];\n  SentimentAnalysis -> PostgreSQL [color=blue, label=\"Store Results\"];\n  SpringBoot -> PostgreSQL [color=blue, label=\"Fetch Data\"];\n  DataIngestion -> SpringBoot [color=blue, label=\"Send Data\"];\n  AWS -> DataIngestion [color=blue, label=\"Collect Feedback\"];\n\n\n  label = \"AI-Powered Customer Sentiment Analysis Dashboard Architecture\";\n  labelloc = t;\n}"
}